{
  "dev": {
    "driver": "pg",
    "host": {
      "ENV": "POSTGRES_HOST"
    },
    "database": {
      "ENV": "POSTGRES_DB_DEV"
    },
    "user": {
      "ENV": "POSTGRES_USER"
    },
    "password": {
      "ENV": "POSTGRES_PASSWORD"
    },
    "PORT": {
      "ENV": "PORT"
    }
  },
  "test": {
    "driver": "pg",
    "host": {
      "ENV": "POSTGRES_HOST"
    },
    "database": {
      "ENV": "POSTGRES_DB_TEST"
    },
    "user": {
      "ENV": "POSTGRES_USER"
    },
    "password": {
      "ENV": "POSTGRES_PASSWORD"
    },
    "PORT": {
      "ENV": "PORT"
    }
  }
}
